Person ID	Name	Year of Death	Was Monarch	Unexpected Death	Stress Related	Death Cause Long	Cause of Death -- Extraneous, delete	Death Category	Death Notes	Location of Death	Location of Death Code	Country-Dynasty Association	Country-Dynasty Association Code	Citation	 	Additional Notes
10257	Alfonso II / Naples	1495	0	0	1	Final Illness; after >1 year of deteriorating health	final illness - type unspecified	Final Illness (Unspecified Illness)	Fled from threat of invasion; died later that year	Messina 	343	Naples	339	https://en.wikipedia.org/wiki/Alfonso_II_of_Naples		
2443	Isabella of Portugal	1496	0	0	0	Dementia	Dementia	Old Unremarkable	Had begun to lose her mind after the birth of her eldest child in 1461.  When daughter came to visit her in 1496, Isabella couldn’t recognize her.	Arevalo (Castile)	375	Portugal	296	https://en.wikipedia.org/wiki/Isabella_of_Portugal,_Queen_of_Castile		
2887	Isabella of Asturias	1498	0	1	1	During Childbirth; She acted dangerously during pregancy	during childbirth	Childbirth	Death during childbearth may be due to constant fasting and self-denial, and/or constant traveling at advanced stage of pregnancy	Spain	375	Asturias (Aragon/Spain)	375	https://en.wikipedia.org/wiki/Isabella_of_Aragon,_Queen_of_Portugal		She was Princess of Asturias and heiress to the Crown of Castile; Trastamara family was ruler of Aragon, Sicily, Naples, Castile; father was king of Aragon, Sicily and Napes, and King of Castille by marriage
775	Arthur Tudor	1502	0	0	0	Final Illness; after >1 year of deteriorating health	prolonged illness	Final Illness (Unspecified Illness)	also had been getting weaker since his wedding	England	177	United Kingdom	177	https://en.wikipedia.org/wiki/Arthur,_Prince_of_Wales#Death		
774	Elizabeth of York / Plantagenet	1503	0	1	0	Post partum infection	post partum infection	Childbirth		England	177	United Kingdom	177	https://en.wikipedia.org/wiki/Elizabeth_of_York#Wife_of_the_king		
5549	Alexander of Poland	1506	1	0	0	???	???	???		Castile	70	Poland	70	https://en.wikipedia.org/wiki/Alexander_Jagiellon		
2885	Philip I the Handsome / Hapsburg	1506	1	1	0	Typhoid	typhoid	Other Infection		Lithuania 	293	Castile	293	https://en.wikipedia.org/wiki/Philip_I_of_Castile		
838	Louis XII / France	1515	1	0	0	Severe Gout for >1 year	gout	Other Non-infectious		Frane	304	France	304	https://en.wikipedia.org/wiki/Louis_XII_of_France#Death		
2888	Maria of Aragon	1517	0	0	0	???	???	???	Death of a child occurred several months before	Portugal	296	Aragon, Siciliy, Naples, Castille	375, 344, 339, 293	https://en.wikipedia.org/wiki/Maria_of_Aragon,_Queen_of_Portugal		Trastamara family was ruler of Aragon, Sicily, Naples, Castile; father was king of Aragon, Sicily and Napes, and King of Castille by marriage
2864	Christina / Saxony-Wettin	1521	0	0	0	???	???	???		Denmark	390	Saxony	56	https://en.wikipedia.org/wiki/Christina_of_Saxony		
10155	Manuel I the Fortunate of Portugal	1521	1	1	0	Plague	plague	Other Infection		Portugal	296	Portugal	296	http://www.djhooker.com/48/22723.htm		
14855	Isabella Hapsburg	1525	0	0	1	Final Illness; after >1 year of deteriorating health	serious illness	Final Illness (Unspecified Illness)		Belgium	99999	Castile	293	https://en.wikipedia.org/wiki/Isabella_of_Austria		Queen of Denmark, Sweden, and Norway; had to hide Protestant views; her husband was desposed in 1523 and she caught the sickness in 1525 travelling after having to leave Denmark
18970	Barbara / Poland	1534	0	0	0	???	???	???		Leipzig (Saxony)	56	Poland	70	https://en.wikipedia.org/wiki/Barbara_Jagiellon		
18470	Catherina / Saxe-Lauenburg	1535	0	1	0	Fall	died from a fall	Accidental		Sweden	385	German Empire (Saxe-Lauenberg)	379	https://en.wikipedia.org/wiki/Catherine_of_Saxe-Lauenburg		
833	Catherine of Aragon	1536	0	0	0	At the time unknown; today heart cancer; sick for >1 year	post pregnancy infection	Cancer		United Kingdom	177	United Kingdom	177	https://en.wikipedia.org/wiki/Katherine_Tudor_(1503)		
872	Isabella of Portugal	1539	0	0	0	Died in Pregnancy; delicate health for >1 year	died in her seventh pregnancy	Childbirth		Spain	375	Portugal	296	https://en.wikipedia.org/wiki/Isabella_of_Portugal		
776	Margaret Tudor	1541	0	1	0	Palsy; contemporaries thought she would recover	palsy	Other Non-infectious		England	177	United Kingdom	177	https://en.wikipedia.org/wiki/Margaret_Tudor#Death		
11656	Anthony II / Buono de Lorraine	1544	0	0	0	???	???	???		???				???		
14853	Elizabeth Hapsburg	1545	0	0	0	Final Illness; after >1 year of deteriorating health	deteriorating health / frequent seizures	Final Illness (Unspecified Illness)		Lithuania	70	HRE	379	https://en.wikipedia.org/wiki/Elizabeth_of_Austria_(1526%E2%80%931545)		father was holy roman emporer
1816	Francis I of France/de Valois/	1547	1	0	1	Final Illness; after >1 year of deteriorating health	final illness - type unspecified	Final Illness (Unspecified Illness)	It is said that "he died complaining about the weight of a crown that he had first perceived as a gift from God"	France	304	France	304	https://en.wikipedia.org/wiki/Francis_I_of_France#Death		
23664	Albert V von Meckleburg-Schwerin	1547	0	0	0	Old Unremarkable	unspecified - old	Old Unremarkable		???		Mecklenberg (Northern German state at the time)	379	https://en.wikipedia.org/wiki/Albrecht_VII,_Duke_of_Mecklenburg		
10157	Joao / Portugal	1554	0	0	0	Tuberculosis; Ill health througout life, possibly diabetes	tuberculosis	Tuberculosis	intermarriage believed to be cause of ill health	Portugal	296	Portugal	296	https://en.wikipedia.org/wiki/Jo%C3%A3o_Manuel,_Prince_of_Portugal		
23643	Elizabeth Oldenburg	1555	0	0	0	Old Unremarkable	unspecified - old	Old Unremarkable		Berlin	172	Denmark, Norway, Sweden	390, 389, 385	https://en.wikipedia.org/wiki/Elizabeth_of_Denmark,_Electress_of_Brandenburg		
871	Charles V of Spain/Habsburg/	1558	1	0	0	Malaria; had suffered from severe gout for several years 	malaria	Other Infection		Spain	375	HRE	379	https://en.wikipedia.org/wiki/Charles_V,_Holy_Roman_Emperor#Abdications_and_later_life		
1248	Francis II / France de Valois	1560	1	1	1	Ear Condition (Mastoiditis?) after a few months of illness	ear condition	Other Non-infectious		France	304	France	304	https://en.wikipedia.org/wiki/Francis_II_of_France		Month before his death, he collapsed from a syncopal episode (fainted)
23663	Anna Hohenzollern	1567	0	0	0	???	???	???		Lubz (Holy Roman Empire)	379	Prussia	172	https://en.wikipedia.org/wiki/Anna_of_Brandenburg,_Duchess_of_Mecklenburg		
2134	Elizabeth de France	1568	0	1	0	During Childbirth	miscarriage complications	Childbirth		Spain	375	France	304	https://en.wikipedia.org/wiki/Elisabeth_of_Valois#Early_life		
11730	Joachim II Hector / Hohenzollern	1571	1	0	0	Old Unremarkable	unspecified - old	Old Unremarkable		Kopenick Palace  (Margraviate of Brandenburg)	172	Margraviate of Brandenburg	172	https://en.wikipedia.org/wiki/Joachim_II_Hector,_Elector_of_Brandenburg		
10513	Joana Hapsburg	1573	0	0	0	???	???	???		Spain	375	Austria	216	https://en.wikipedia.org/wiki/Joanna_of_Austria,_Princess_of_Portugal		
2522	Charles IX / France de Valois	1574	1	0	1	Tuberculosis; health declined >2 years earlier after perpetrating the St. Bartholomew's Day Massacre	tuberculosis	Tuberculosis	Mental and physical condition weakened drastically following St. Bartholomew's Day massacre; would exclaim that screams of murdered Huguenots rang in his ears	France	304	France	304	https://en.wikipedia.org/wiki/Charles_IX_of_France#Decline_and_death		
2135	Anne of Austria/Habsburg/	1580	0	1	0	Unspecified Illness	unspecified illness	Final Illness (Unspecified Illness)		France	304	Spain	375	https://en.wikipedia.org/wiki/Anna_of_Austria,_Queen_of_Spain#Children; https://bjws.blogspot.com/2015/10/biography-anna-of-austria-1549-80.html		Title is Anne of Austria (her mother was Austrian); father was King of Spain
26045	Elizabeth of Hesse	1582	0	0	0	???	???	???		Heidelberg (Electoral Palatinate)	157	Hesse (German)	379	https://en.wikipedia.org/wiki/Elisabeth_of_Hesse,_Electress_Palatine		
18971	Anna of Denmark-Oldenburg	1585	0	0	0	Final Illness; after >1 year of deteriorating health	final illness - type unspecified	Final Illness (Unspecified Illness)		Dresden (Saxony)	56	Denmark	390	https://en.wikipedia.org/wiki/Anne_of_Denmark,_Electress_of_Saxony		
5505	John III / Sweden Vasa	1592	1	0	1	???	???	???	died during reign	Sweden	385	Sweden	385	https://en.wikipedia.org/wiki/John_III_of_Sweden		Took position of king after rebelling against his brother; constantly worried that his brother would break free 
11731	John George / Bradenburg Hohenzollern	1598	1	0	0	???	???	???	72 years old	Colln (Margraviate of Brandenburg)	172	Margraviate of Brandenburg	172	???		
740	Henry IV of France de Bourbon 	1610	1			Assassination	assassination	Assassinated		France	304	France, Navarre	304, 291	https://en.wikipedia.org/wiki/Henry_IV_of_France		
11746	Christian II / Saxony /Wettin	1611	1	0	0	???	???	???		Spain	56	Saxony	56	https://en.wikipedia.org/wiki/Christian_II,_Elector_of_Saxony		
1017	Margaret of Austria / Habsburg	1611	0	1	0	During Childbirth	during childbirth	Childbirth		Dresden (Saxony)	375	Austria	216	https://en.wikipedia.org/wiki/Margaret_of_Austria,_Queen_of_Spain		
1628	Anne Catherine / Hohenzollern	1612	0	0	0	???	???	???		Denmark	390	HRE	379	https://en.wikipedia.org/wiki/Anne_Catherine_of_Brandenburg		Father was Margrave of Brandenburg; queen consort of Denmark and Norway
20257	Johann Adolf /von Holstein-Gottorp/	1616	0	0	0	???	???	???		Schleswig 	390	Sweden	385	https://en.wikipedia.org/wiki/John_Adolf,_Duke_of_Holstein-Gottorp		House of Oldenburg
726	Anne / Denmark / Oldenburg	1619	0	0	0	Dropsy after 2 years of illness	dropsy	Other Non-infectious		England	177	Denmark	390	https://en.wikipedia.org/wiki/Anne_of_Denmark#Death		
725	James I Stuart	1625	1	0	0	Stroke; Sickly in last >1 year of life	Stroke after year of sickness	Stroke		England	177	United Kingdom	177	https://en.wikipedia.org/wiki/James_VI_and_I		
20373	Constance of Austria Hapsburg	1631	0	1	1	Stroke	stroke	Stroke		Poland	70	Austria	216	http://www.wikiwand.com/en/Constance_of_Austria		wanted to secure succession of her own son but didn't succeed
735	Frederick V of Palatinate/Wittelsbach/	1632	1	0	0	Fever; persistent ill health after boating accident (which killed his son and injured him) 2 years earlier	infection	Other Infection		Mainz (Electoral Palatinate)	157	Bohemia	170	https://en.wikipedia.org/wiki/Frederick_V,_Elector_Palatine#Death.2C_1632; "The Winter Queen: Elizabeth of Bohemia by Carola Oman"		
11733	George William /Hohenzollern/	1640	1	0	0	Old Unremarkable	unspecified - old	Old Unremarkable	lived in retirement until his death	Konigsburg	172	Prussia	172	https://en.wikipedia.org/wiki/George_William,_Elector_of_Brandenburg		
529	Louis XIII / France de Bourbon	1643	1	0	1	Tuberculosis and other diseases; after long period of deteriorating health	tuberculosis	Tuberculosis	Intestines were inflamed and ulcerated; accumulation of minor problems and weak physiology	France	304	France	304	https://en.wikipedia.org/wiki/Louis_XIII_of_France#Death		experienced struggles against Huguenots and Hapsburg Spain
896	Elizabeth / France de Bourbon	1644	0	0	0	???	???	???		Spain	375	France	304	???		https://en.wikipedia.org/wiki/Elisabeth_of_France_(1602%E2%80%931644)
20378	Cecille Renate Hapsburg	1644	0	1	0	Puerperal fever	infection related to childbirth	Childbirth		Poland	70	Austria	216	https://en.wikipedia.org/wiki/Cecilia_Renata_of_Austria		
2417	Maria Anna of Spain/Habsburg/	1646	0	0	1	During Childbirth	poisoning from last preganancy?	Childbirth	Happened so after a bout of fever and heavy bleeding; approach of Protestant Swedish army forced them to flee; later had to move again in order to avoid plague	Austria	216	Spain, Portugal	375, 396	https://en.wikipedia.org/wiki/Maria_Anna_of_Spain#Death		Habsburg (father) ruled both Spain and Portugal
23681	Christian Oldenburg	1647	0	0	0	???	???	???	gained a reputation as a drinker and had debt	Gorbitz Castle (Holy Roman Empire)	379	Denmark	390	https://en.wikipedia.org/wiki/Christian,_Prince-Elect_of_Denmark		
730	Charles I Stuart	1649	1			Executed	executed for high treason	Execution		England	177	United Kingdom	177	https://en.wikipedia.org/wiki/Charles_I_of_England		
2418	Ferdinand III of Hapsburg	1657	1	0	0	???	???	???		Austria	216	HRE	379	https://en.wikipedia.org/wiki/Ferdinand_III,_Holy_Roman_Emperor		Also ruled Bohemia, Austria, Hungary
3880	Anne-Eleanor of /Hesse-Darmstadt/	1659	0	0	0	???	???	???		Herzberg Castle (Saxony)	56	Hesse-Darmstadt	28	https://en.wikipedia.org/wiki/Anne_Eleonore_of_Hesse-Darmstadt		Married to Duke of Brunswick-Luneberg
744	Mary Henrietta Stuart	1660	0	1	0	Smallpox	smallpox	Smallpox		England	177	United Kingdom	177	https://en.wikipedia.org/wiki/Mary,_Princess_Royal_and_Princess_of_Orange#Later_life		
768	Edward of Bavaria/Wittelsbach	1663	0	0	0	???	???	???		???				???		
2913	Marie Christine de Bourbon	1663	0	0	0	Final Illness; after >1 year of deteriorating health	final illness - type unspecified	Final Illness (Unspecified Illness)	died a few days after son's wedding; outlived four of seven children	Savoy 	343	France	304	https://en.wikipedia.org/wiki/Christine_of_France		
2131	Philip IV of Spain/Habsburg/	1665	1	0	1	Dysentery; depression and poor health >1 year previous	dysentery	Other Infection	Had depressions and died "broken-hearted" - held responsible for decline of Spain	Spain	375	Spain	375	https://en.wikipedia.org/wiki/Philip_IV_of_Spain#Personal_life		
749	Henrietta Anne Stuart	1670	0	0	0	Gastroenteritis after three years of severe stomach pain	gastroenteritis	Other Infection	Had severe intensinal pain for years. Died after drinking glass of chicory water - while dying, thought she was poisoned	France	304	United Kingdom	177	https://en.wikipedia.org/wiki/Henrietta_of_England#Death.2C_burial_and_aftermath		
38594	Sophie Eleanor Wettin	1671	0	0	0	???	???	???		Darmstadt	28	Saxony	56	https://en.wikipedia.org/wiki/Sophia_Eleonore_of_Saxony		
10248	Charles Emmanuel II / Savoy	1675	0	0	0	???	???	???		Italy	343	Savoy (likely Peidmont/Italy related)	343	https://en.wikipedia.org/wiki/Charles_Emmanuel_II,_Duke_of_Savoy		Savoy name not tied to a listed country at the time (checked Country info tab); Duke of Savoy
11711	Louis VI of/Hesse-Darmstadt	1678	0	0	0	???	???	???		Darmstadt	28	Hesse-Darmstadt	28	https://en.wikipedia.org/wiki/Louis_VI,_Landgrave_of_Hesse-Darmstadt		
25924	Marie Hedwig / Hesse-Darmstadt	1680	0	1	0	After Childbirth	during childbirth	Childbirth		Saxony	379	Hesse-Darmstadt	28	https://en.wikipedia.org/wiki/Marie_Hedwig_of_Hesse-Darmstadt		
11748	John George II / Saxony / Wettin	1680	1	0	0	Old Unremarkable	unspecified - old	Old Unremarkable	67 years old	Holy Roman Empire	56	Saxony	56	https://en.wikipedia.org/wiki/John_George_II,_Elector_of_Saxony		
1173	Elizabeth Henrietta / Hesse-Cassel	1683	0	1	0	Smallpox	smallpox	Smallpox		Spree (Brandenburg-Prussia)	172	Hesse-Kassel	29	https://en.wikipedia.org/wiki/Elisabeth_Henriette_of_Hesse-Kassel		
2415	Charles II / Palatinate Wittelsbach	1685	1	0	0	???	???	???		England	157	Electoral Palatinate	157	https://en.wikipedia.org/wiki/Charles_II,_Elector_Palatine		
1631	Sophia Amerlia / Brunswick	1685	0	0	0	???	???	???		Electoral Palatinate	390	Brunswick-Luneberg	27	https://en.wikipedia.org/wiki/Sophie_Amalie_of_Brunswick-L%C3%BCneburg		Queen of Denmark and Norway
743	Charles II Stuart	1685	1	1	0	Uremia	uremia	Other Non-infectious		Denmark	177	United Kingdom	177	https://en.wikipedia.org/wiki/Charles_II_of_England#Death		
951	Marie Louise /d'Orleans/	1689	0	1	0	Appendicitis	appendicitis	Other Non-infectious	Rumors she was poisoned by Olympia Mancini	Spain	375	France	304	https://en.wikipedia.org/wiki/Marie_Louise_of_Orl%C3%A9ans_(1662%E2%80%931689)#Aftermath		
2882	Mary Anne Christine of Bavaria	1690	0	0	1	Final Illness; after >1 year of deteriorating health	Internal Disorders	Final Illness (Unspecified Illness)	Autopsy revealed her death	France	304	Bavaria	20	https://en.wikipedia.org/wiki/Duchess_Maria_Anna_Victoria_of_Bavaria		Said to be depressed having to live at a court where was beauty was prized while not being beautiful herself; was unable to perform functions of first lady and husband accused her of hypochondria
2858	Ulrica Eleanor / Denmark - Oldenburg	1693	0	0	0	Unspecified; Fragile health after difficult childbirth >1 year prior	unspecified - weakened from childbirths	Childbirth	childbirths had weakened her, and she fell ill by an unknown illness	Sweden	385	Denmark	390	https://en.wikipedia.org/wiki/Ulrika_Eleonora_of_Denmark#Death		
709	Mary II Stuart	1694	0	1	0	Smallpox	smallpox	Smallpox		England	177	United Kingdom	177	https://en.wikipedia.org/wiki/Mary_II_of_England#Reign		
20259	Christian Albrecht / Holstein-Gottorp	1695	0	0	0	???	???	???		Gottorp		Holstein-Gottorp		https://en.wikipedia.org/wiki/Christian_Albert,_Duke_of_Holstein-Gottorp		Family name not connected to ruler at the time; Gottorp is now in Germany
2416	Mariana of Austria/Habsburg/	1696	0	0	0	Breast Cancer	breast cancer	Cancer		Spain	35	Austria	216	https://en.wikipedia.org/wiki/Mariana_of_Austria#Death		Habsburg (father) was both HR Emporer and ruled Austria
2859	Charles XI / Sweden von Simmern	1697	1	0	0	Abdominal Cancer	abdominal cancer	Cancer		Sweden	385	Sweden	385	https://en.wikipedia.org/wiki/Charles_XI_of_Sweden#Death		
1625	Christian V / Denmark Oldenburg	1699	1	1	0	Due to injuries from hunting accident	after effects of a hunting accident	Accidental		Denmark	390	Denmark, Norway	390, 389	https://en.wikipedia.org/wiki/Christian_V_of_Denmark#Reign		King of both Denmark and Norway
18512	Maria Sophia / Palatinate Wittelsburg	1699	0	1	0	Erysipelas	erysipelas	Other Infection		Portugal	296	Electoral Palatinate	157	https://en.wikipedia.org/wiki/Maria_Sophia_of_Neuburg		
2130	Charles II of Spain Habsburg	1700	1	0	0	Genetic Conditions; poor health throughout life	long-term disabilities	Genetic		Spain	375	Spain	375	https://en.wikipedia.org/wiki/Charles_II_of_Spain		
20261	Frederick IV /von Holstein-Gottorp/	1702	0	0	0	Artilley Fire	Artilley Fire	Battle Death	Died in the Battle of Kliszow	Poland	70	Holstein-Gottorp		https://en.wikipedia.org/wiki/Frederick_IV,_Duke_of_Holstein-Gottorp		Family name not connected to ruler at the time
1174	Louise Dorothea / Hohenzollern	1705	0	0	0	During Childbirth; poor health for >1 year previous	died through childbirth complications	Childbirth		Austria 	172	Prussia	172	https://en.wikipedia.org/wiki/Princess_Luise_Dorothea_of_Prussia		
2420	Leopold I Habsburg	1705	1	0	0	Heart disease; fragile health >1 year earlier	heart complications	Heart Attack		Brunswick-Luneberg	216	Austria	216, 379	https://en.wikipedia.org/wiki/Leopold_I,_Holy_Roman_Emperor		
771	Sophia Charlotte	1705	0	1	0	Pnuemonia	pnuemonia	Pnuemonia		Berlin	27	Brunswick-Luneberg	27	https://en.wikipedia.org/wiki/Sophia_Charlotte_of_Hanover#Electress_and_queen		first queen consort in Prussia
692	George / Denmark / Oldenburg	1708	0	0	1	Severe asthma and dropsy; after >1 year of illness	severe asthma and dropsy	Other Non-infectious		Great Britain	177	Denmark	390	https://en.wikipedia.org/wiki/Prince_George_of_Denmark#Illness_and_death		Nominally responsible for Scilly naval disaster in 1707; died amid political pressure
15046	Louis III of Bourbon/de CondÇ/	1710	0	0	0	"Hopelessly Insane" for several years prior to death	Unspecified - mental disorder	Non-Stroke Brain or Mental Illness		France	304	France	304	https://en.wikipedia.org/wiki/Louis,_Prince_of_Cond%C3%A9_(1668%E2%80%931710)		
2423	Louis  /de France/	1711	0	1	0	Smallpox	smallpox	Smallpox		France	304	France	304	https://en.wikipedia.org/wiki/Louis,_Grand_Dauphin#Political_and_military_role		
2507	Charles du Berry	1714	0	1	0	Due to injuries from recent hunting accident	intenral injuries sustained in a hunting accident	Accidental		France	304	France	304	https://en.wikipedia.org/wiki/Charles,_Duke_of_Berry_(1686%E2%80%931714)		
2883	Mary Louise Gabrielle de Savole	1714	0	1	0	Tuberculosis; ill towards end of life	tuberculosis	Tuberculosis		Spain	35	Italy, Sicily	343, 344	https://en.wikipedia.org/wiki/Maria_Luisa_of_Savoy		
18480	Charlotte / Brunswick-Wolfenbettel	1715	0	1	0	After Childbirth	during childbirth	Childbirth	died few days after the birth of her son	Russia	83	Brunswick-Luneberg	27	https://en.wikipedia.org/wiki/Charlotte_Christine_of_Brunswick-L%C3%BCneburg		Husband had an open affair; she found some consolation in having a sone, but she died a few days later
2422	Eleanor Magdalene of Neuburg Wittelsburg	1720	0	0	1	Final Illness; after >1 year of deteriorating health	final illness - type unspecified	Final Illness (Unspecified Illness)	year before death, was trying to help sister and niece avoid arrest	Vienna	216	Electoral Palatinate	157	https://en.wikipedia.org/wiki/Eleonor_Magdalene_of_Neuburg		By marriage, Holy Roman Empress, German Queen; Queen consort of Hungary and Bohemia; Archduchess consort of Austria
15060	Marie Anna de Conti 	1720	0	0	0	Syphilis; detected >1 year previous	unspecified - syphilis	Other Infection	unable to find source that indicated cause of death was syphilis	France	304	France	304	https://en.wikipedia.org/wiki/Marie_Anne_de_Bourbon_(1689%E2%80%931720)		not sure where cause of death came from
2517	Philippe Duc / Chartes d'Orleans	1723	0			Executed	guillotined	Execution		France	304	France	304	https://en.wikipedia.org/wiki/Louis_Philippe_II,_Duke_of_Orl%C3%A9ans		
2431	Charles VI /Habsburg/	1740	1	1	0	Accidental Mushroom Poisoning	bad mushrooms	Accidental		Vienna 	216	HRE	379	https://en.wikipedia.org/wiki/Charles_VI,_Holy_Roman_Emperor#Death_and_legacy		Also ruled Bohemia, Austria, Hungary
14273	Elizabeth  /de Lorraine	1741	0	1	0	Puerperal Fever	Puerperal Fever	Childbirth	She contracted a perpetual fever as a result of childbirth	Italy	343	Austria	216	https://en.wikipedia.org/wiki/Elisabeth_Therese_of_Lorraine		Lorraine tied to Habsburg
10378	Charles VII Albert of Bavaria	1745	1	0	1	Severe Gout	severe gout	Other Non-infectious		Bavaria	20	HRE	379	https://en.wikipedia.org/wiki/Charles_VII,_Holy_Roman_Emperor		In middle of war; unable to negotiate successfully with France for support
2424	Philip V of Spain/de Bourbon/	1746	1	0	1	Melancholia; depressed for years before death	melancholia	Non-Stroke Brain or Mental Illness	Followed a bout of manic depression; Spain experiencing financial troubles during later period of his reign	Spain	375	Spain	375	https://en.wikipedia.org/wiki/Philip_V_of_Spain#Death		
19483	Elizabeth / Brunswick-Wolfenbettel	1750	0	0	0	???	???	???		Austria	216	Brunswick-Wolfenbuttel (Brunswick-Luneberg)	27	https://en.wikipedia.org/wiki/Elisabeth_Christine_of_Brunswick-Wolfenb%C3%BCttel		
331	Louisa / Hanover	1751	0	1	0	Miscarriage Complications	miscarriage complications	Childbirth		Denmark	390	United Kingdom	177	https://en.wikipedia.org/wiki/Louise_of_Great_Britain#Early_death		
343	Sophia Dorothea / Hanover	1757	0	0	1	???	???	???		Berlin	172	United Kingdom, Hanover	177, 27	https://en.wikipedia.org/wiki/Sophia_Dorothea_of_Hanover#Queen_Dowager		Queen Consort of Prussia; fearful of husband and had to deal with him beating their son
568	Augustus William / Hohenzollern	1758	0	1	0	Brain Tumor, not detected	brain tumor	Non-Stroke Brain or Mental Illness		Prussia	172	Prussia	172	https://en.wikipedia.org/wiki/Prince_Augustus_William_of_Prussia		
23883	Maria Magdalena Joseph / Bragana	1758	0	0	0	Severe Asthma throughout her life made worse by obesity late in life	severe asthma	Other Infection		Spain	375	Portugal	296	https://en.wikipedia.org/wiki/Barbara_of_Portugal		
324	Anne / Hanover	1759	0	0	1	Dropsy; after >1 year of poor health	dropsy	Other Non-infectious		Netherlands	66	United Kingdom, Hanover	177, 27	https://en.wikipedia.org/wiki/Anne,_Princess_Royal_and_Princess_of_Orange		Acted as regent; hard-working but unpopular; 1750s were time of tensions between Holland and Britain that put her in difficult position
23762	Elizabeth de France 	1759	0	1	0	Smallpox	smallpox	Smallpox		France	304	France	304	https://en.wikipedia.org/wiki/Louise_%C3%89lisabeth_of_France#Versailles		
2881	Mary Amalia Saxony/Wettin/	1760	0	1	0	Tuberculosis	sudden death - possibly heart attack	Tuberculosis		Spain	375	Saxony, Poland	56, 70	https://simple.wikipedia.org/wiki/Maria_Amalia_of_Saxony		Title is Mary of Saxony; Wettin family (her father) ruled Poland and Saxony at time
11752	Federick Augustus II of Saxony (III of Poland) Wettin	1763	1	1	0	Horse Riding Accident	horse riding accident	Accidental		Austria	216	Saxony	56	https://en.wikipedia.org/wiki/Augustus_III_of_Poland		
23763	Isabelle of Parma de Bourbon	1763	0	0	0	After Childbirth; fragile from several previous miscarriages	After Childbirth	Childbirth	Child died a few hours after birth, followed a few days by her own death	Saxony	216	Parma	340	https://en.wikipedia.org/wiki/Princess_Isabella_of_Parma#Death		
11753	Frederick Christian / Saxony Wetting	1763	1	1	0	Smallpox	smallpox	Smallpox		Austria	56	Saxony	56	https://en.wikipedia.org/wiki/Frederick_Christian,_Elector_of_Saxony		
344	Frederick V /Denmark/Oldenburg	1766	1	0	0	Final Illness; after >1 year of deteriorating health	prolonged health problems	Final Illness (Unspecified Illness)	Broke his leg in a drunk accident, and his health quickly deteriorated from there	Denmark	390	Denmark	390	https://en.wikipedia.org/wiki/Frederick_V_of_Denmark#Death_and_burial		
340	Caroline Matilda / Hanover	1775	0	1	1	Scarlet Fever	scarlet fever	Other Infection		Celle (Hanover)	27	United Kingdom	177	https://en.wikipedia.org/wiki/Caroline_Matilda_of_Great_Britain#Later_life_in_Celle		Exiled
19494	Natalie Wilhemina / Hesse-Darmstadt	1776	0	1	0	During Childbirth	after childbirth	Childbirth		Russia	83	Hesse-Darmstadt	28	https://en.wikipedia.org/wiki/Natalia_Alexeievna_(Wilhelmina_Louisa_of_Hesse-Darmstadt)		
569	Louise Amelia of/Brunswick/	1780	0	0	0	???	???	???		Berlin	172	Brunswick-Luneberg (part of HRE)	27	???		her father was Duke of Brunwick-Luneberg, her mom from Brunwick-Wolfenbuttel; https://en.wikipedia.org/wiki/Duchess_Luise_of_Brunswick-Wolfenb%C3%BCttel
18511	Maria Anne / Spain de Bourbon	1781	0	0	0	Heart Disease; manifested 3 years before death	heart disease	Other Non-infectious	had an attack of rheumatism in 1778	Portugal	296	Spain	375	https://en.wikipedia.org/wiki/Mariana_Victoria_of_Spain#Queen.2C_regent_and_widow		
1168	Louis Ulrika / Prussia / Hohenzollern	1782	0	0	1	???	???	???	death of her husband, with strained relationship with son, cause her to die	Sweden	385	Prussia	172	https://en.wikipedia.org/wiki/Louisa_Ulrika_of_Prussia#Queen_Dowager		Queen consort of Sweden; drama with her son may have contributed to death
18497	Mary / Spain de Bourbon	1785	0	0	0	???	???	???		???				???		
30759	Frederick / Hesse-Cassel	1787	0	0	0	Old Unremarkable	unspecified - old	Old Unremarkable	65 years old	Kassel	29	Hesse-Kassel	29	https://en.wikipedia.org/wiki/Frederick_II,_Landgrave_of_Hesse-Kassel		
1069	Augusta Caroline / Brunswick	1788	0	1	0	During Childbirth 	blood loss	Childbirth	Had stillbirth, leading to hemorraghing, leading to blood loss	Lohde (Estonia)	83	Brunswick-Luneberg	27	https://en.wikipedia.org/wiki/Duchess_Augusta_of_Brunswick-Wolfenb%C3%BCttel		Part of Brunswick-Bevern house; father was Duke of Brunswick-Luneberg
23893	Gabriel Antonio Francis de Bragana	1788	0	1	0	Smallpox	smallpox	Smallpox		Spain	375	Spain	375	https://en.wikipedia.org/wiki/Infante_Gabriel_of_Spain		
30767	Elizabeth Wilhelmine von Wurttemberg	1790	0	0	0	???	???	???		Austria	216	Wurttemberg	63	https://en.wikipedia.org/wiki/Duchess_Elisabeth_of_W%C3%BCrttemberg		
18502	Maria Luisa / Spain de Bourbon	1792	0	0	0	Final Illness; after >1 year of deteriorating health	final illness - type unspecified	Final Illness (Unspecified Illness)	died three months after the death of her husband	Austria 	379	Spain	375	https://en.wikipedia.org/wiki/Maria_Luisa_of_Spain		
7235	Leopold II /Habsburg-Lotharingen/	1792	1	1	0	Other Non-infectious; Sudden	died suddenly	Other Non-infectious	Dubious rumor of poisoning	Holy Roman Empire	379	HRE	379	https://en.wikipedia.org/wiki/Leopold_II,_Holy_Roman_Emperor		Also ruled Austria-Hungary
1424	Louis XVI of France	1793	1			Executed	executed	Execution		France	304	France	304	https://en.wikipedia.org/wiki/Louis_XVI_of_France		
553	Frederick William II / Hohenzollern	1797	1	0	1	Final Illness; after >1 year of deteriorating health	deteriorating health	Final Illness (Unspecified Illness)		Prussia	172	Prussia	172	http://www.encyclopedia.com/topic/Frederick_William_II.aspx		Military campaigns in France and campaigns in Poland took a toll on his health
19497	Alexandra Pavlovna /Romanov	1801	0	1	0	Puerperal fever	Puerperal fever	Childbirth	contracted after giving birth to daughter	Hungary 	216	Russia	83	https://en.wikipedia.org/wiki/Grand_Duchess_Alexandra_Pavlovna_of_Russia		
31900	Louise de Bourbon	1802	0	1	0	During Childbirth	during childbirth	Childbirth	buried with stillborn son in her arms	Vienna 	216	Two Sicilies	347	https://translate.google.com/translate?hl=en&sl=fr&u=https://fr.wikipedia.org/wiki/Louise_de_Bourbon-Siciles_(1773-1802)&prev=search		
10209	Louis I of Parma/de Bourbon/	1803	0	0	0	Epileptic Crisis after declining health for >1 year 	epileptic crisis	Non-Stroke Brain or Mental Illness		Florence	340	Etruria (associated with Parma)	340	https://en.wikipedia.org/wiki/Louis_I_of_Etruria		country was created from Grand Duchy of Tuscany by France; father was Duke of Parma; land created as compensation for House of Bourbon's loss of Duchy of Parma
18974	Caroline of Parma/de Bourbon	1804	0	1	0	Fever	fever	Fever (Cause Unspecified)		Dresden (Saxony)	56	Parma	340	https://en.wikipedia.org/wiki/Princess_Carolina_of_Parma		
556	Frederica Louise / Hesse-Darmstadt	1805	0	0	0	Stroke after years of fragility	stroke	Stroke		Berlin	172	Hesse-Darmstadt	28	https://en.wikipedia.org/wiki/Frederika_Louisa_of_Hesse-Darmstadt#Marriage		
3770	Frederick Ferdinand /Hapsburg-Lotharingen/	1806	0	0	0	???	???	???		Spain				???		
2875	Antonia of Sicily de Bourbon	1806	0	1	0	Tuberculosis	tuberculosis (dubious rumors of poison)	Tuberculosis		???	375	Naples	339	https://en.wikipedia.org/wiki/Princess_Maria_Antonia_of_Naples_and_Sicily		
18503	Maria Theresa of/Naples/	1807	0	1	0	Complications from Childbirth	Childbirth	Childbirth	She fell ill with lung infection pleurisy, and her doctor bled her and caused premature labor	Austria	216	Kingdom of Two Sicilies	347	https://en.wikipedia.org/wiki/Maria_Theresa_of_Naples_and_Sicily		
3874	Mary-Elizabeth / Padua Zhringen	1808	0	0	0	???	???	???		Schleswig (Denmark)		Grand Duchy of Baden	19	???		Father was Charles Louis, prince of Baden; Mother was of Hesse-Darmstadt
764	Christian VII of Denmark/Oldenburg/	1808	1	1	1	Stroke	stroke	Stroke		???	390	Denmark	390	https://en.wikipedia.org/wiki/Christian_VII_of_Denmark#Death_and_succession		regency marked by disasters of Napoleonic Wars
410	Louise of /Mecklenburg-Strelitz/	1810	0	0	1	Final Illness; after >1 year of deteriorating health	final illness - type unspecified	Final Illness (Unspecified Illness)	Possibly because of the stress of the French Occupation	Prussia	172	Mecklenburg-Strelitz	38	http://madmonarchist.blogspot.com/2011/02/consort-profile-louise-of-mecklenburg.html		
1638	Sophia Magdalena /Oldenburg/	1813	0	0	1	Stroke; Worsening health >1 year previous	stroke	Stroke	Prior to stroke, became more and more isolated after her husband was assassinated, the coup of 1809, and the following abdication of her son	Sweden	385	Denmark	390	https://en.wikipedia.org/wiki/Sophia_Magdalena_of_Denmark#Queen_Dowager		Queen of Sweden
31030	Clementina / AustriaHabsburg Lotharingen	1814	0	0	0	???	???	???		France				???		
5335	JosÇphine de /Tascher/	1814	0	0	0	Pnuemonia	pnuemonia	Pnuemonia		???	304	France	304	http://www.heritage-history.com/index.php?c=academy&s=char-dir&f=josephine		Family name is French noble family
247	Frederick I /Wurttenberg	1816	1	0	0	???	???	???		Stuttgart, Wurttemberg	63	Kingdom of Württemberg	63	http://madmonarchist.blogspot.com/2009/10/monarch-profile-king-frederick-i-of.html		Joined German Empire one year before his death
576	Friedrich Wilhelm / Nassau-Weilburg	1816	0	0	0	???	???	???		The Hague (Netherlands)	66	Luxembourg	106	https://en.wikipedia.org/wiki/Frederick_William,_Prince_of_Nassau-Weilburg		
31985	Marie Ludovika Hapsburg	1816	0	1	0	Tuberculosis	tuberculosis	Tuberculosis		Lombardy-Venetia 	216	Austria	216	https://en.wikipedia.org/wiki/Maria_Ludovika_of_Austria-Este		
144	Charlotte Augusta / Wales / Hannover	1817	0	0	0	Postpartum bleeding; signs of poor health >1 year earlier	postpartum bleeding	Childbirth		United Kingdom	177	United Kingdom, Hanover	177, 27	https://en.wikipedia.org/wiki/Princess_Charlotte_of_Wales#Marriage_and_death		
5910	Hanover Child (first name unknown)	1818	0	0	0	???	???	???		Spain				???		
2876	Isabella / Portugal Bragana	1818	0	0	0	During Childbirth; Previous childbirth was near fatal	during childbirth	Childbirth		???	375	Portugal	296	https://en.wikipedia.org/wiki/Maria_Isabel_of_Portugal		
2878	Charles IV / Spain de Bourbon	1819	1	0	0	Final Illness; after >1 year of deteriorating health	final illness - type unspecified	Final Illness (Unspecified Illness)	wife died a few days prior	Wurttemberg	343	Spain	375	https://en.wikipedia.org/wiki/Charles_IV_of_Spain#Marriage_and_children		
1075	Catherine / Russia Pavlovna Romanov	1819	0	1	0	Pnuemonia and Erysipelas	pnuemonia	Pnuemonia		Rome	63	Russia	83	https://en.wikipedia.org/wiki/Catherine_Pavlovna_of_Russia#Marriages		
2510	Ferdinand Charles / Berry de Bourbon	1820	0			Assassination	assassination	Assassinated	stabbed and mortally wounded in a theatre by a Bonapartist	United Kingdom	304	France	304	https://en.wikipedia.org/wiki/Charles_Ferdinand,_Duke_of_Berry		
1639	Wilhelmina Caroline / Oldenburg	1820	0	0	0	Old Unremarkable	unspecified - old	Old Unremarkable	72 years old	Kassel	29	Denmark	390	https://en.wikipedia.org/wiki/Princess_Wilhelmina_Caroline_of_Denmark		married to Elector of Hasse
133	Edward Augustus/Hannover	1820	0	1	0	Pnuemonia	pnuemonia	Pnuemonia		France	177	United Kingdom	177	https://en.wikipedia.org/wiki/Prince_Edward,_Duke_of_Kent_and_Strathearn#Death		
4885	Napoleon I Bonaparte	1821	1	0	0	Final Illness; after >1 year of deteriorating health	unspecified - debated to this day	Final Illness (Unspecified Illness)	stomach cancer/ulcer or arsenic poisoning -- arsenic poisoning evidence was dismissed in 07/08	Bad Homburg vor der Höhe (Darmstadt)	177	France	304	https://en.wikipedia.org/wiki/Napoleon#Cause_of_death		
1736	William IX Hesse-Cassel	1821	1	0	0	Old Unremarkable	unspecified - old	Old Unremarkable	77 years old	Saint Helena	29	Hesse-Kassel	29	https://en.wikipedia.org/wiki/William_I,_Elector_of_Hesse		Mother was princess of Great Britain
11715	Caroline / Hesse-Darmstadt	1821	0	0	0	Old Unremarkable	unspecified - old	Old Unremarkable		Hesse-Kassel	28	Hesse-Darmstadt	28	https://en.wikipedia.org/wiki/Landgravine_Caroline_of_Hesse-Darmstadt		
626	Catherine / Baden/Zhringen	1823	0	0	0	???	???	???		???				???		
10204	Ferdinand III / Hapsburg-Lotharingen	1824	1	0	0	???	???	???		Papal States	343	Tuscany	346	https://en.wikipedia.org/wiki/Ferdinand_III,_Grand_Duke_of_Tuscany		
23764	Marie Louise / Spain de Bourbon	1824	1	0	0	Cancer	cancer	Cancer		Sardinia 	343	Spain	375	https://en.wikipedia.org/wiki/Maria_Luisa_of_Spain,_Duchess_of_Lucca#Death		
3764	Victor Emmanuel / Sardiniade Savoy	1824	1	0	0	Old Unremarkable	unspecified - old	Old Unremarkable	isolated after liberal revolution outbreak	Florence	343	Sardinia (Italy)	343	https://en.wikipedia.org/wiki/Victor_Emmanuel_I_of_Sardinia		
637	Maximillian I Joseph / Wittelsbach	1825	1	0	0	Old Unremarkable	old age	Old Unremarkable		Bavaria	20	Bavaria	20	https://en.wikipedia.org/wiki/Maximilian_I_Joseph_of_Bavaria#Private_life_and_family		
1296	Alexander / Pavlovich / Romanov	1825	1	0	1	Typhus; after >1 year of deteriorating health (esp. mental)	typhus	Other Infection	cold developed into typhus	Russia	83	Russia	83	https://en.wikipedia.org/wiki/Alexander_I_of_Russia#Death		Around the time of his death, he was very suspicious of those around him, especially after an attempt was made to kidnap him
18509	Leopoldine  /Habsburg-Lotharingen	1826	0	0	1	Final Illness; after >1 year of deteriorating health	Multiple Causes	Final Illness (Unspecified Illness)	Fever, delirium, died 8 days after a miscarriage	Brazil		Austria	216	https://en.wikipedia.org/wiki/Maria_Leopoldina_of_Austria		Archduchess of Austria; husband tried to get her to officially recognize his mistress but she refused and this caused a bitter argument; she fell sick shortly after
3769	Marie Charlotte / Sardinia Savoy	1827	0	0	0	???	???	???		Leipzig (Saxony)		Sardinia (Italy)	343	???		Only able to find information for Maria Theresa of Savoy that died 1805 https://en.wikipedia.org/wiki/Maria_Theresa_of_Savoy
18973	Theresa / Hapsburg-Lotharingen	1827	0	0	0	Final Illness; after >1 year of deteriorating health	final illness - type unspecified	Final Illness (Unspecified Illness)		Austria	56	Austria	216	https://en.wikipedia.org/wiki/Maria_Theresa_of_Austria_(1767%E2%80%931827)		
205	Ferdinand / Saxe-Coburg-Gotha	1827	0	0	0	Old Unremarkable	unspecified - old	Old Unremarkable		???	216	Saxe-Coburg Gotha (German Confed)	379	https://en.wikipedia.org/wiki/Prince_Ferdinand_of_Saxe-Coburg_and_Gotha		also served in Austrian forces and died in Vienna
211	Frederick VI / Hessen-Homburg	1829	0	0	0	???	???	???		Homburg (Hesse)	28	Hesse-Homburg (Hesse-Darmstadt)	28	https://en.wikipedia.org/wiki/Frederick_VI,_Landgrave_of_Hesse-Homburg		
2877	Mary Josepha / Wettin	1829	0	1	0	Fever	fever	Fever (Cause Unspecified)		Spain	375	Saxony	56	http://www.madamegilflurt.com/2014/05/notable-deaths-maria-josepha-amalia-of.html		
10267	Francis I / Sicily de Bourbon	1830	1	0	1	???	???	???	constantly afraid of assassination	Kingdom of Two Sicilies	347	Kingdom of Two Sicilies	347	https://en.wikipedia.org/wiki/Francis_I_of_the_Two_Sicilies		
18510	Charlotte / Spain de Bourbon	1830	0	0	0	Final Illness; after >1 year of deteriorating health	final illness - type unspecified	Final Illness (Unspecified Illness)	could have been natural causes or suicide	Portugal	296	Spain	375	https://en.wikipedia.org/wiki/Carlota_Joaquina_of_Spain#Queen		
1298	Konstantin Pavlovich /Romanov/	1831	0	1	0	Cholera	cholera	Other Infection		Belaruse 	83	Russia	83	https://en.wikipedia.org/wiki/Grand_Duke_Konstantin_Pavlovich_of_Russia#Death_and_legacy		Died before able to see the supression of the revolution
18975	Caroline / Hapsburg-Lotharingen	1832	0	0	0	???	???	???		???				???		
1246	Ferdinand VII of Spain/de Bourbon/	1833	1	0	0	Final Illness; after >1 year of deteriorating health	unspecified - deteriorating health	Final Illness (Unspecified Illness)	possibly due to illness he could not recover from	Spain	375	Spain	375	https://en.wikipedia.org/wiki/Ferdinand_VII_of_Spain#Death_and_succession_crisis		
10175	Pedro IV of Portugal/de Braganáa/	1834	0	0	1	Tuberculosis; declining health at end of life due to war	tuberculosis	Tuberculosis	war undermined his constitution	Portugal	296	Portugal	296	https://en.wikipedia.org/wiki/Pedro_I_of_Brazil		Also ruled Brazil
1071	Catherine von Wurttemberg	1835	0	0	0	???	???	???		Switzerland		Wurttemberg	63	???		Queen consort of Westphalia; https://en.wikipedia.org/wiki/Catharina_of_W%C3%Bcrttemberg
7236	Francis II Hapsburg-Lotharingen	1835	1	1	0	Sudden Fever	sudden fever	Fever (Cause Unspecified)		Austria	216	HRE/German Confederation	379	https://en.wikipedia.org/wiki/Francis_II,_Holy_Roman_Emperor#Later_years		Also ruled Austria
32118	Christine of Sardinia	1836	0	1	0	After Childbirth	after childbirth	Childbirth		Schleswig (Denmark)	347	Sardinia	343	https://en.wikipedia.org/wiki/Maria_Cristina_of_Savoy		
1641	Charles / Hesse-Cassel	1836	0	0	0	Old Unremarkable	unspecified - old	Old Unremarkable	91 years old	Two Sicilies	390	Hesse-Kassel	29	https://en.wikipedia.org/wiki/Prince_Charles_of_Hesse-Kassel		
559	Wilhelmina / Hohenzollern	1837	0	0	1	Final Illness; after >1 year of deteriorating health	deteriorating health	Final Illness (Unspecified Illness)		United Kingdom	66	Prussia	172	https://en.wikipedia.org/wiki/Wilhelmine_of_Prussia,_Queen_of_the_Netherlands		Queen of Netherlands in 1815, criticized and was not popular; stayed in background
203	William IV Henry / Hanover	1837	1	0	0	Old Unremarkable	unspecified - old	Old Unremarkable	had asthma or hay fever and developed pneumonia; autopsy afterwards showed that heart disease or liver cirrhosis contributed to his death	Netherlands	177	United Kingdom	177	http://www.unofficialroyalty.com/king-william-iv-of-the-united-kingdom/; https://en.wikipedia.org/wiki/William_IV_of_the_United_Kingdom#Later_life		
11756	Maximillian Saxony Wetting	1838	0	0	0	Old Unremarkable	unspecified - old	Old Unremarkable	78 years old	Saxony	56	Saxony	56	https://en.wikipedia.org/wiki/Maximilian,_Hereditary_Prince_of_Saxony		
4980	Marie Frederica / Hesse-Cassel	1839	0	0	0	Old Unremarkable	unspecified - old	Old Unremarkable	70 years old	Hesse (Hesse-Kassel)	29	Hesse-Kassel	29	https://en.wikipedia.org/wiki/Marie_Friederike_of_Hesse-Kassel		
162	Frederick William III / Hohenzollern	1840	1	0	0	Old Unremarkable	unspecified - old	Old Unremarkable		Prussia	172	Prussia	172	https://en.wikipedia.org/wiki/Frederick_William_III_of_Prussia#Prussian_Union_of_churches		Died in Berlin, Prussia; unable to find detailed information about death
516	Augusta Hohenzollern	1841	0	0	0	???	???	???		Hesse (Hesse-Kassel)	29	Prussia (Hohenzollern)	172	https://en.wikipedia.org/wiki/Princess_Augusta_of_Prussia		
5163	Cecilie / Holstein-Gottorp	1844	0	1	0	Puerperal fever (Childbirth)	Puerperal fever	Childbirth		Oldenburg	40	Sweden	385	https://en.wikipedia.org/wiki/Princess_Cecilia_of_Sweden_(1807%E2%80%931844)		
139	Ernest I/Saxe-Coburg-Saaifeld	1844	0	0	0	Old Unremarkable	unspecified - old	Old Unremarkable		Gotha (Saxe-Coburg-Gotha)	379	Saxe-Coburg Gotha (German Confed)	379	https://en.wikipedia.org/wiki/Ernest_I,_Duke_of_Saxe-Coburg_and_Gotha#Death_and_burial		Saxe-Coburg-Gotha is state of German Confederation;
684	Joseph / Austria Hapsburg-Lotharingen	1847	0	0	0	Old Unremarkable	unspecified - old	Old Unremarkable		Austria	216	Austria	216	https://en.wikipedia.org/wiki/Archduke_Joseph,_Palatine_of_Hungary		
1084	Charlotte / Saxe-Hildburghausen	1847	0	0	0	Old Unremarkable	unspecified - old	Old Unremarkable	60 years old	Bamberg (Bavaria)	20	Saxe-Altenberg (German Empire)	379	https://en.wikipedia.org/wiki/Princess_Charlotte_of_Saxe-Hildburghausen		Father was Duke of Saxe-Altenburg and also Duke of Hildburghausen 
356	Amalie  /von WÅrttemberg/	1848	0	0	0	???	???	???		Altenburg 	379	Kingdom of Württemberg	63	https://en.wikipedia.org/wiki/Duchess_Amelia_of_W%C3%BCrttemberg		
31982	Maria Isabella / Spain de Bourbon	1848	0	0	0	???	???	???		Denmark	343	Spain	375	https://en.wikipedia.org/wiki/Mar%C3%ADa_Isabella_of_Spain		
1645	Christian VIII / Denmark Oldenburg	1848	1	0	0	Blood Poisoning; fragile health >1 year previous	blood poisoning	Other Infection		Italy	390	Denmark, Norway	390, 389	https://en.wikipedia.org/wiki/Christian_VIII_of_Denmark#King_of_Denmark		King of both Denmark and Norway
652	William II of Netherlands von Nassau	1849	1	0	1	???	???	???		Netherlands	66	Netherlands	66	https://en.wikipedia.org/wiki/William_II_of_the_Netherlands		Also Duke of Luxembourg and Duke of Limberg; new constitution under his reign - swore in first and only cabinet just a few months before his death
686	Ferdinand / Austria-EsteHapsburg	1849	0	1	0	Typhus	typhus	Other Infection		Brno (Austria)	216	Austria	216	https://en.wikipedia.org/wiki/Archduke_Ferdinand_Karl_Viktor_of_Austria-Este		Prince of Modena, House of Habsburg-Este
132	Adolphus Frederick of Cambridge/Hanover/	1850	0	0	0	???	???	???		United Kingdom	177	United Kingdom, Hanover	177, 27	http://www.unofficialroyalty.com/july-8-daily-featured-royal-date/		
245	Louise Marie d'Orleans	1850	0	1	0	Tuberculosis	tuberculosis	Tuberculosis		Belgium	99999	France	304	http://www.unofficialroyalty.com/louise-marie-of-orleans-queen-of-the-belgians/		later became Queen of Belgians 
31910	Leopold de Bourbon	1851	0	0	0	???	???	???		Munich 	347	Two Sicilies	347	https://fr.wikipedia.org/wiki/L%C3%A9opold_de_Bourbon-Siciles		
1139	Auguste Wittelsbach	1851	0	0	0	Old Unremarkable	unspecified - old	Old Unremarkable		Naples 	20	Bavaria	20	https://en.wikipedia.org/wiki/Princess_Augusta_of_Bavaria		
5168	Leopold I / Baden Zhringen	1852	1	0	0	???	???	???		France	19	Grand Duchy of Baden	19	https://en.wikipedia.org/wiki/Leopold,_Grand_Duke_of_Baden		
19388	Maximillian / Leuchtenberg	1852	0	0	0	Unspecified - Hereditary	unspecified - hereditary	Genetic	lineage before him commonly died around the age of 40	Russia	83	France	304	https://en.wikipedia.org/wiki/Duke_of_Leuchtenberg#Dukes_of_Leuchtenberg.2C_1817_to_1974		Family name is French noble house
1618	Maria Sophia Frederic / Hesse-Cassel	1852	1	0	1	Old Unremarkable	unspecified - old	Old Unremarkable	died at the age of 84	Denmark	390	Hesse-Kassel	29	https://en.wikipedia.org/wiki/Marie_of_Hesse-Kassel#Queen_Dowager		Strife between branches of the family during the succession crisis, and the rebellion in Holstein pained her
1073	Paul Charles Frederick von Wurttemberg	1852	0	0	0	Old Unremarkable 	unspecified - old	Old Unremarkable		Kalsruhe (Baden)	304	Wurttemberg	63	https://en.wikipedia.org/wiki/Prince_Paul_of_W%C3%BCrttemberg		
10177	Maria II / Portugal Bragana	1853	1	1	0	During Childbirth	during childbirth	Childbirth	Died while giving birth to her 11th child -- great quote "led doctors to warn the queen about the serious risks she would face in future pregnancies. Indifferent to the warnings, Maria II merely replied: "If I die, I die at my post.""	Portugal	296	Portugal	296	https://en.wikipedia.org/wiki/Maria_II_of_Portugal		House is directly from Brazil; indirectly from Portugal
1142	Therese of /Saxe-Hildburghausen/	1854	0	0	0	???	???	???		Bavaria	20	Saxe-Altenberg (German Empire)	379	https://en.wikipedia.org/wiki/Therese_of_Saxe-Hildburghausen		House of Saxe-Hildburghausen; father was Duke of both Saxes
3779	Charles III / Parma de Bourbon	1854	1			Assassination	assassination	Assassinated	killed by two Italians for purportedly financial gains	Duchy of Parma	340	Duchy of Parma	340	https://en.wikipedia.org/wiki/Charles_III,_Duke_of_Parma#Assassination		
595	Maria Dorothea /von WÅrttemberg/	1855	0	0	0	???	???	???		Hungary	216	Wurttemberg	63	???		https://en.wikipedia.org/wiki/Duchess_Maria_Dorothea_of_W%C3%BCrttemberg
23784	Charles de Molinade Bourbon	1855	0	0	0	???	???	???		Russia	216	Spain	375	https://en.wikipedia.org/wiki/Infante_Carlos,_Count_of_Molina		
18493	Teresa  /Habsburg-Lotharingen/	1855	0	0	1	Final Illness; fragile and retiring >4 years before death	Retreated to privacy four years before death	Final Illness (Unspecified Illness)	Smallpox, shortness of breath, edema - possible she never recovered from smallpox	Vienna 	216	Austria	216	https://www.geni.com/people/Maria-Theresa-von-Habsburg-Queen-Consort-of-Sardinia-and-Piedmont/376406918790013422		Father was Holy Roman Emporer; archduchess of austria and queen of hungary and croatia; In 40 years, took declining empire and turned it into a revitalizing one
42	Nicholas I Pavlovich/Romanov	1855	1	1	1	Pnuemonia	pnuemonia	Pnuemonia	contracted and refused medical attention; died at Winter Palace during Crimean War; rumors he committed suicide	Austria	83	Russia	83	https://en.wikipedia.org/wiki/Nicholas_I_of_Russia#Death		He took on the war on very unfavorable terms. Rumors of stress
18962	Victoria / Saxe-Coburg Gotha	1857	0	1	0	After Childbirth	after childbirth	Childbirth	2 weeks later to be exact	United Kingdom	177	Saxe-Coburg and Gotha (Germany)	379	https://en.wikipedia.org/wiki/Princess_Victoria_of_Saxe-Coburg_and_Gotha		
23944	Margaret / Saxony Wettin	1858	0	1	0	Typhoid	typhoid	Other Infection		Lombardy-Venetia 	216	Saxony	56	https://en.wikipedia.org/wiki/Princess_Margaretha_of_Saxony		
23792	Anna / Saxony Wettin	1859	0	1	0	After Childbirth	during childbirth	Childbirth	child was also a stillborn	Saxe-Weimar-Eisenhach	347	Saxony	56	https://en.wikipedia.org/wiki/Princess_Anna_of_Saxony_(1836%E2%80%931859)		
10268	Ferdinand II / Sicily de Bourbon	1859	1	0	0	Final Illness; after >1 year of deteriorating health	unspecified - deteriorating health	Final Illness (Unspecified Illness)		Kingdom of Two Sicilies	347	Kingdom of Two Sicilies	347	https://en.wikipedia.org/wiki/Ferdinand_II_of_the_Two_Sicilies		
4908	Marie Pavlovna Romanov	1859	0	0	0	Old Unremarkable	unspecified - old	Old Unremarkable	73 years old	Two Sicilies	55	Russia	83	https://en.wikipedia.org/wiki/Grand_Duchess_Maria_Pavlovna_of_Russia_(1786%E2%80%931859)		
43	Alexandra (Charlotte)/Hohenzollern	1860	0	0	0	Unspecified; after >1 year of deteriorating health	unspecified - deteriorating health	Final Illness (Unspecified Illness)	Had poor health and recurring heart attacks	Russia	83	Prussia	172	https://en.wikipedia.org/wiki/Alexandra_Feodorovna_(Charlotte_of_Prussia)#Dowager_Empress		
138	Victoria Mary Louisavon/Saxe-Coburg	1861	0	0	0	Old Unremarkable	unspecified - old	Old Unremarkable	74 years old, developed an infection after having a surgery to remove an ulcer	United Kingdom	177	Saxe-Coburg-Saalfed (German Confed)	379	http://www.unofficialroyalty.com/victoria-of-saxe-coburg-saalfeld-duchess-of-kent/; https://en.wikipedia.org/wiki/Princess_Victoria_of_Saxe-Coburg-Saalfeld#Death		Saxe-Coburg-Saalfed is part of House of Wettin; state of German Confed
2	Albert Augustus Saxe-Coburg-Gotha	1861	0	1	1	Contemporaries: Typhoid Fever (Moderns: Undiagnosed Stomach Cancer)	typhoid fever	Other Infection	Modern diagnosis says it may have been Crohn's disease	United Kingdom	177	Saxe-Coburg and Gotha (German Confederation)	379	https://en.wikipedia.org/wiki/Albert,_Prince_Consort#Illness_and_death		
411	Frederick William IV / Hohenzollern	1861	1	0	1	Series of strokes beginning >1 year before death	stroke	Stroke	Happened in 1857, but left him mentally incapcitated	Prussia	172	Prussia	172	https://en.wikipedia.org/wiki/Frederick_William_IV_of_Prussia#Later_years_and_death		Withdrew from public eye following 1848 revolutions
495	Mathilde / Wittelsbach	1862	0	0	0	???	???	???		???				???		
1646	Frederick Ferdinand Oldenburg	1863	0	0	0	???	???	???		Denmark	390	Denmark	390	https://en.wikipedia.org/wiki/Ferdinand,_Hereditary_Prince_of_Denmark		
1649	Federick VII of Denmark Oldenburg	1863	1	1	0	Erysipelas	erysipelas (sudden infection)	Other Infection		Denmark	390	Denmark	390	https://en.wikipedia.org/wiki/Frederick_VII_of_Denmark		
1143	Maximilian II /Wittelsbach/	1864	1	0	0	Final Illness; after >1 year of deteriorating health	Unknown illness	Final Illness (Unspecified Illness)	brief, unexpected illness	Wurttemberg	20	Bavaria	20	https://en.wikipedia.org/wiki/Maximilian_II_of_Bavaria#Later_life		
1070	William I / Wurttemberg	1864	1	0	0	Old Unremarkable	unspecified - old	Old Unremarkable		Bavaria	63	Wurttemberg	63	https://en.wikipedia.org/wiki/William_I_of_W%C3%BCrttemberg#Later_years_and_death		
5161	Sophie Wilhelmina / Holstein-Gottorp	1865	0	0	0	Old Unremarkable	unspecified - old	Old Unremarkable	64 years old	Kalsruhe Palace (Baden)	19	Sweden	385	https://en.wikipedia.org/wiki/Princess_Sophie_of_Sweden		
298	William X / Hesse-Cassel	1867	0	0	0	???	???	???		Denmark	390	Hesse-Kassel	29	https://www.geni.com/people/Landgrave-William-of-Hesse-Kassel/4532996		
1662	Maximillian / Habsburg-Lotharingen	1867	0			Executed 	executed	Execution	executed by Mexican republic armed forces; Still mexico's one true king *single tear*	Mexico		Austria	216	https://en.wikipedia.org/wiki/Maximilian_I_of_Mexico#Downfall		Younger brother of Austria Empire, given rule of Mexico by Napoleon III of France
31914	Caroline de Bourbon	1869	0	0	0	Tuberculosis; depressed for >3 years prior due to death of eldest son	tuberculosis	Tuberculosis	experienced depression following death with son	United Kingdom	177	Two Sicilies	347	https://en.wikipedia.org/wiki/Princess_Maria_Carolina_of_Bourbon-Two_Sicilies_(1822%E2%80%931869)		
1029	Louise Augusta / Hohenzollern	1870	0	0	0	???	???	???		Netherlands	66	Prussia	172	???		https://en.wikipedia.org/wiki/Princess_Louise_of_Prussia_(1808%E2%80%931870)
1086	Frederick Charles Augustus / Wurttemberg	1870	0	0	0	Ulceration due to hunting accident >1 year previous	ulceration	Other Non-infectious	was most likely caused by a hunting accident	Wurttemberg	63	Wurttemberg	63	https://en.wikipedia.org/wiki/Prince_Frederick_of_W%C3%BCrttemberg		
1028	Louise von Nassau	1871	0	0	0	Pnuemonia; after long illness	pnuemonia	Pnuemonia		Sweden	385	Netherlands	66	https://en.wikipedia.org/wiki/Louise_of_the_Netherlands		not political stress induced; exhausted - likely from caring for Charles while he was sick
2656	Amelia Maria / Gloria Saxe-Weimar	1872	0	0	0	???	???	???		Sweden	106	Saxe-Weimar-Eisenhach	55	https://en.wikipedia.org/wiki/Princess_Amalia_of_Saxe-Weimar-Eisenach		
1027	Charles XV / Sweden-Bernadotte	1872	1	0	0	Final Illness; after >1 year of deteriorating health	prolonged illness	Final Illness (Unspecified Illness)		Luxembourg	385	Sweden, Norway	385, 389	https://en.wikipedia.org/wiki/Charles_XV_of_Sweden		
20405	Auguste Bernadotte	1873	0	1	0	Pnuemonia 	pnuemonia	Pnuemonia		Sweden	385	Sweden	385	https://en.wikipedia.org/wiki/Prince_August,_Duke_of_Dalarna		
516	Marie / Saxe-Weimar-Eisenach	1877	0	0	0	Old Unremarkable	unspecified - old	Old Unremarkable		Berlin	172	Saxe-Weimar-Eisenhach	55	https://en.wikipedia.org/wiki/Princess_Marie_of_Saxe-Weimar-Eisenach_(1808%E2%80%931877)#Death		
1690	Henry / Netherlands / Nassau	1879	0	0	0	???	???	???		???				???		Unable to find info
45	Marie of Hesse-Darmstadt	1880	0	0	0	Unspecified; after >1 year of deteriorating health	unspecified - deteriorating health	Final Illness (Unspecified Illness)		Russia	83	Hesse-Darmstadt	28	https://en.wikipedia.org/wiki/Maria_Alexandrovna_(Marie_of_Hesse)		
44	Alexander II Nicholoevich/Romanov	1881	1	0	0	Assassination	assassination	Assassinated		Russia	83	Russia	83	https://en.wikipedia.org/wiki/Alexander_II_of_Russia#Assassination		
18955	August / Saxe-Coburg-Gotha	1881	0	0	0	Unspecified - Old	unspecified - old	Old Unremarkable		Austria	216	Saxe-Coburg and Gotha (Germany)	379	https://en.wikipedia.org/wiki/Prince_August_of_Saxe-Coburg_and_Gotha		
1213	Frederick Francis Ilvon / Mecklenburg	1883	1	0	0	???	???	???		Berlin 				https://en.wikipedia.org/wiki/Frederick_Francis_IV,_Grand_Duke_of_Mecklenburg-Schwerin		only able to find information for Frederick that died in 1945
414	Charles / Hohenzollern	1883	0	0	0	Old Unremarkable	unspecified - old	Old Unremarkable	accentuated by a broken thigh bone in 1882	???	379	Prussia	172	https://en.wikipedia.org/wiki/Prince_Charles_of_Prussia#Death		died 1883
10	Leopold George Duncan Albert/Wettin	1884	0	0	0	Heamophilia	haemophilia	Genetic	had haemophilia - genetic disorder that prevents formation of blood clots; fell and injured his head and knee, died next morning	France	304	United Kingdom	177	https://en.wikipedia.org/wiki/Prince_Leopold,_Duke_of_Albany		Son of Queen Victora, also son of Albert of Saxe-Coburg and Gotha
683	Alfonso XII of Spain	1885	1	0	0	Tuberculosis and Dysentery; after long period of deteriorating health	Tuberculosis/dysentery	Tuberculosis		Spain	375	Spain	375	https://en.wikipedia.org/wiki/Alfonso_XII_of_Spain		
1216	Hlne Henrietta von Nassau	1888	0	0	0	???	???	???		Potsdam	379	Luxembourg (House of Nassau-Weilburg)	106	https://en.wikipedia.org/wiki/Princess_Helena_of_Nassau		https://en.wikipedia.org/wiki/Princess_Helena_of_Nassau
20	Frederick III/Germany/Hohenzollern	1888	0	1	1	Cancer of the Larynx (not detected until <1 year of death)	cancer of the larynx	Cancer	heavy smoker	Waldeck and Pyrmont ( German Empire)	179	German Empire	379	https://en.wikipedia.org/wiki/Frederick_III,_German_Emperor#German_Empire_and_brief_reign		German Emporer and King of Prussia; Died of cancer spreading and preventing him from eating, but he also felt overwhelming sense of duties of his position
10179	Lues I Portugal / Saxe-Coburg Gotha	1889	1	0	0	???	???	???		Austria	296	Portugal	296	https://en.wikipedia.org/wiki/Lu%C3%ADs_I_of_Portugal		
1439	Rudolf / Habsburg-Lotharingen	1889	0	1	1	Double Suicide	suicide	Non-Stroke Brain or Mental Illness	suicide pact with his mistress	Portugal	216	Austria	216	https://en.wikipedia.org/wiki/Rudolf,_Crown_Prince_of_Austria#Affairs_and_suicide		Franz Joseph (father) demanded that they end the affair
19096	Anton d'Orleans	1890	0	0	0	???	???	???		Berlin				???		
655	William III / Netherlands von Nassau	1890	1	0	0	Dementia	dementia	Old Unremarkable	also suffered from kidney-ailment in 1887	Netherlands	66	Netherlands	66	https://en.wikipedia.org/wiki/William_III_of_the_Netherlands#Reign		Also Duke of Luxembourg and Duke of Limberg
427	Marie Louise Augusta / Saxe-Weimar	1890	0	0	0	Old Unremarkable	Old Unremarkable	Old Unremarkable	Suffered from rheumatism, received heavy injuries after a fall in 1881, but still was able to fulfill duties	???	379	Saxe-Weimar-Eisenhach	55	https://en.wikipedia.org/wiki/Augusta_of_Saxe-Weimar-Eisenach#Last_years		
163	Alexandra / Schleswig-Holstein-Soderburg	1891	0	1	0	Birth Comblications after a fall	birth complications/coma	Childbirth		Russia	83	Greece	240	https://en.wikipedia.org/wiki/Grand_Duchess_Alexandra_Georgievna_of_Russia#Death		
2665	Nicholas Nicholajievic Romanov	1891	0	0	0	Oral and Brain Cancer Leading to Insanity	died of insanity	Non-Stroke Brain or Mental Illness	was left alone in an insane asylum in crimea	Crimea	83	Russia	83	https://en.wikipedia.org/wiki/Grand_Duke_Nicholas_Nikolaevich_of_Russia_(1831%E2%80%931891)		
19100	Louis Philippe d'Orleans	1894	0	0	0	???	???	???		Russia	177	France	304	https://en.wikipedia.org/wiki/Prince_Philippe,_Count_of_Paris		
40	Alexander III Alexandrovich/Romanov	1894	1	1	0	Kidney Nephritis	nephritis	Other Non-infectious		Stowe House (England)	83	Russia	83	https://en.wikipedia.org/wiki/Alexander_III_of_Russia#Illness_and_death		
5032	Marie Louise Charlotte / Hesse-Cassel	1895	0	0	0	Old Unremarkable	unspecified - old	Old Unremarkable	81 years old	Bavaria	20	Hesse-Kassel	29	https://en.wikipedia.org/wiki/Princess_Marie_Luise_Charlotte_of_Hesse-Kassel		
19090	Louis d'Orleans	1896	0	0	0	Old Unremarkable	unspecified - old	Old Unremarkable	81 years old	Vienna 	304	France	304	https://en.wikipedia.org/wiki/Prince_Louis,_Duke_of_Nemours		
25	Henry Maurice Von Battenburg	1896	0	1	0	Malaria	malaria	Other Infection	contracted en route to fight in the Ashanti War	West Africa		Hesse-Darmstadt	28	https://en.wikipedia.org/wiki/Prince_Henry_of_Battenberg#Later_life_.26_death		
646	Karl Ludwig / Hapsburg-Lotharingen	1896	0	0	0	Typhoid two years after debilitating stroke	stroke-related	Stroke	Had stroke in 1894	France	216	Austria	216	https://en.wikipedia.org/wiki/Archduke_Karl_Ludwig_of_Austria; http://royalmusingsblogspotcom.blogspot.com/2010/05/archduke-carl-ludwig-dead-brother-of.html		
1200	Sophie of Bavaria	1897	0	1	0	Died in a Fire	died in a fire	Accidental		France	304	Bavaria	20	https://en.wikipedia.org/wiki/Duchess_Sophie_Charlotte_in_Bavaria		
4869	Wilhelm / Baden-Zhringen	1897	0	0	0	Old Unremarkable	unspecified - old	Old Unremarkable		Grand Duchy of Baden	19	Grand Duchy of Baden	19	https://en.wikipedia.org/wiki/Prince_William_of_Baden_(1829%E2%80%931897)#Later_life		
1196	Elizabeth of Bavaria	1898	0	0	0	Assassination	assassination	Assassinated		Switzerland		Bavaria	20	https://en.wikipedia.org/wiki/Empress_Elisabeth_of_Austria#Assassination		Queen of Hungary, Empress of Austria
23952	Sophie of Lichtenstein	1899	0	0	0	???	???	???		Bulgaria	216	Liechtenstein (lower Austria)	216	https://en.wikipedia.org/wiki/Princess_Sophie_of_Liechtenstein		
19027	Marie Louise / Parma de Bourbon	1899	0	0	1	Pnuemonia + Childbirth; frail health >1 year previous	pnuemonia + childbirth	Pnuemonia	disillusionment in private life (conflict with husband) and bearing four children in five years took a toll on her frail health; died 24 hours after giving birth to fourth child	Austria-Hungary	248	Parma	340	https://en.wikipedia.org/wiki/Princess_Marie_Louise_of_Bourbon-Parma		
7269	Humbert I / Italy de Savoy	1900	1	0	0	Assassination	assassination	Assassinated	Killed in retribution for harsh supression of Milan 1898 riots	France	343	Italy	343	https://en.wikipedia.org/wiki/Umberto_I_of_Italy#Assassination		
6	Alfred Ernest Albert/Wettin	1900	0	0	0	Throat Cancer	throat cancer	Cancer		Italy	379	United KIngdom	177	https://en.wikipedia.org/wiki/Alfred,_Duke_of_Saxe-Coburg_and_Gotha#Later_life		Was also Duke of Saxe-Coburg and Gotha in the German Empire (wiki), died near Coburg
19093	Francis d'Orleans	1900	0	0	0	Old Unremarkable	unspecified - old	Old Unremarkable	81 years old	Coburg (Saxe-Coburg-Gotha)	304	France	304	https://en.wikipedia.org/wiki/Fran%C3%A7ois_d%27Orl%C3%A9ans,_Prince_of_Joinville		
3	Victoria Adelaide Mary/Wettin	1901	0	0	0	Breast Cancer	breast cancer	Cancer		German Empire	379	United Kingdom	177	https://en.wikipedia.org/wiki/Victoria,_Princess_Royal#Last_years		location of death indicates Duchy of Hesse in German Empire; she was German Empress and Queen of Prussia for a short period of time
2449	Maria Henrietta Hapsburg-Lotharingen	1902	0	0	0	Final Illness; after >1 year of deteriorating health	final illness - type unspecified	Final Illness (Unspecified Illness)		Belgium	99999	Austria	216	https://en.wikipedia.org/wiki/Marie_Henriette_of_Austria		
685	Elisabeth / Hapsburg-Lotharingen	1903	0	0	0	???	???	???		???				???		
1114	Philip / Flanders Saxe Coburg	1905	0	0	0	???	???	???		Berlin 	99999	Belgium	99999	???		From House of Saxe-Coburg and Gotha, father as Leopold I of Belgium; https://en.wikipedia.org/wiki/Prince_Philippe,_Count_of_Flanders
1099	Leopold / Hohenzollern-Sigmaringen	1905	0	1	0	Apoplexy	apoplexy	Stroke		Belgium	379	Prussia (Hohenzollern)	172	http://royalmusingsblogspotcom.blogspot.com/2011/06/prince-leopold-of-hohenzollern-has-died.html		
1182	Amulf Wittelsbach	1907	0	0	0	???	???	???		Italy	343	Bavaria	20	???		https://en.wikipedia.org/wiki/Prince_Arnulf_of_Bavaria
10180	Carlos I / Portugal / Saxe-Coburg Gotha	1908	1			Assassination	assassination	Assassinated	shot by two republican activists	Portugal	296	Portugal	296	https://en.wikipedia.org/wiki/Carlos_I_of_Portugal		
1197	Karl Theodor Gackl	1909	0	0	0	???	???	???		Kreuth (Bavaria)	20	Bavaria	20	https://pl.wikipedia.org/wiki/Karol_Teodor_Wittelsbach		
4	Edward VII Wettin	1910	1	0	1	Several heart attacks over course of >1 year	several heart attacks	Heart Attack	heavy smoker; suffered bronchitis but still tried to return to work; collapsed during a previous state trip	United Kingdom	177	United Kingdom	177	https://en.wikipedia.org/wiki/Edward_VII#Death		
19168	George Romanowsky	1912	0	0	0	???	???	???		Italy				???		
582	William IV / Luxembourg von Nassau	1912	1	0	0	Final Illness; after >1 year of deteriorating health	health problems	Final Illness (Unspecified Illness)	suffered minor stroke in 1898 and by 1906 his health was deteriorating	???	106	Luxembourg	106	http://www.unofficialroyalty.com/guillaume-iv-grand-duke-of-luxembourg/; http://www.luxembourg.public.lu/en/publications/f/ap-famille-gdl/ap-famille-gdl-2010-EN.pdf		
604	Frederick VIII /Schleswig-Holstein/	1912	1	1	1	Paralysis attack	paralysis attack	Non-Stroke Brain or Mental Illness		Colmar-Berge (Luxembourg)	379	Denmark	390	https://en.wikipedia.org/wiki/Frederick_VIII_of_Denmark		died while he stopped in Hamburg for a short stay; because of his late accession, he only had a few years to show his ability and he was weakened by ill health
690	Maria Gabriele / Bavaria	1912	0	0	0	Renal Failure; after previous poor health	renal failure	Other Non-infectious		Hamburg 	343	Bavaria	20	https://en.wikipedia.org/wiki/Duchess_Marie_Gabrielle_in_Bavaria		
1110	Marie Hohenzollern-Signaringen	1912	0	1	0	Pnuemonia 	pnuemonia	Pnuemonia		Belgium	99999	Prussia (Hohenzollern)	172	https://en.wikipedia.org/wiki/Princess_Marie_of_Hohenzollern-Sigmaringen#Death		Also from House of Saxe-Coburg and Gotha
227	William George I of Hellenes/Schleswig	1913	1	1	0	Murdered non-political	murdered - non-political - accidental	Accidental	Killed over money issues - purported by assailant	Greece	240	Greece	240	https://en.wikipedia.org/wiki/George_I_of_Greece#Later_reign_and_assassination		
2671	Constantine Romanov	1915	0	0	0	Unspecified; Health and Spirit Crushed by Death of Son in Battle a >1 year earlier	unspecified - depression	Non-Stroke Brain or Mental Illness	Some of his sons died in the battle near the Caucus in WWI, which took a toll on him	Russia	83	Russia	83	https://en.wikipedia.org/wiki/Grand_Duke_Konstantin_Konstantinovich_of_Russia		Do family matters count as politically induced stress
120	Louise Margaret / Prussia/Hohenzollern	1917	0	1	0	Influenza	influenza and bronchitis	Other Infection		United Kingdom	177	Prussia	172	https://en.wikipedia.org/wiki/Princess_Louise_Margaret_of_Prussia#Later_life		
4643	Eduard Georg Wilhelm von Anhalt	1918	0	0	0	???	???	???		Bavaria	20			https://en.wikipedia.org/wiki/Eduard,_Duke_of_Anhalt		Family name Ascania; Duke of Anhalt - unable to find anything
